{
  "04_07_Proceed to Checkout" : {
    "transaction" : "04_07_Proceed to Checkout",
    "sampleCount" : 2,
    "errorCount" : 0,
    "errorPct" : 0.0,
    "meanResTime" : 2750.5,
    "medianResTime" : 2750.5,
    "minResTime" : 263.0,
    "maxResTime" : 5238.0,
    "pct1ResTime" : 5238.0,
    "pct2ResTime" : 5238.0,
    "pct3ResTime" : 5238.0,
    "throughput" : 0.3818251240931653,
    "receivedKBytesPerSec" : 2.0746826078655976,
    "sentKBytesPerSec" : 0.24013220694921725
  },
  "03_07_Sign Out-0" : {
    "transaction" : "03_07_Sign Out-0",
    "sampleCount" : 8,
    "errorCount" : 0,
    "errorPct" : 0.0,
    "meanResTime" : 204.75,
    "medianResTime" : 202.5,
    "minResTime" : 161.0,
    "maxResTime" : 263.0,
    "pct1ResTime" : 263.0,
    "pct2ResTime" : 263.0,
    "pct3ResTime" : 263.0,
    "throughput" : 0.3034440904263389,
    "receivedKBytesPerSec" : 0.06815638749810347,
    "sentKBytesPerSec" : 0.1899488886360188
  },
  "03_02_Click Sign In" : {
    "transaction" : "03_02_Click Sign In",
    "sampleCount" : 16,
    "errorCount" : 0,
    "errorPct" : 0.0,
    "meanResTime" : 237.74999999999997,
    "medianResTime" : 234.5,
    "minResTime" : 190.0,
    "maxResTime" : 288.0,
    "pct1ResTime" : 287.3,
    "pct2ResTime" : 288.0,
    "pct3ResTime" : 288.0,
    "throughput" : 0.1853138753764188,
    "receivedKBytesPerSec" : 0.7409840456335418,
    "sentKBytesPerSec" : 0.1107539958304378
  },
  "04_03_Sign in " : {
    "transaction" : "04_03_Sign in ",
    "sampleCount" : 2,
    "errorCount" : 0,
    "errorPct" : 0.0,
    "meanResTime" : 3060.0,
    "medianResTime" : 3060.0,
    "minResTime" : 406.0,
    "maxResTime" : 5714.0,
    "pct1ResTime" : 5714.0,
    "pct2ResTime" : 5714.0,
    "pct3ResTime" : 5714.0,
    "throughput" : 0.35001750087504374,
    "receivedKBytesPerSec" : 1.8365664376968847,
    "sentKBytesPerSec" : 0.5725383925446272
  },
  "03_07_Sign Out-1" : {
    "transaction" : "03_07_Sign Out-1",
    "sampleCount" : 8,
    "errorCount" : 0,
    "errorPct" : 0.0,
    "meanResTime" : 187.5,
    "medianResTime" : 195.5,
    "minResTime" : 155.0,
    "maxResTime" : 212.0,
    "pct1ResTime" : 212.0,
    "pct2ResTime" : 212.0,
    "pct3ResTime" : 212.0,
    "throughput" : 0.30319108618206625,
    "receivedKBytesPerSec" : 1.4946373076631547,
    "sentKBytesPerSec" : 0.18712574850299402
  },
  "03_01_Open URL" : {
    "transaction" : "03_01_Open URL",
    "sampleCount" : 32,
    "errorCount" : 0,
    "errorPct" : 0.0,
    "meanResTime" : 820.625,
    "medianResTime" : 807.5,
    "minResTime" : 709.0,
    "maxResTime" : 1096.0,
    "pct1ResTime" : 893.0,
    "pct2ResTime" : 1096.0,
    "pct3ResTime" : 1096.0,
    "throughput" : 0.3682859740588567,
    "receivedKBytesPerSec" : 1.9128212431953413,
    "sentKBytesPerSec" : 0.19834933075533154
  },
  "04_06_Add to Cart" : {
    "transaction" : "04_06_Add to Cart",
    "sampleCount" : 2,
    "errorCount" : 0,
    "errorPct" : 0.0,
    "meanResTime" : 3303.5,
    "medianResTime" : 3303.5,
    "minResTime" : 249.0,
    "maxResTime" : 6358.0,
    "pct1ResTime" : 6358.0,
    "pct2ResTime" : 6358.0,
    "pct3ResTime" : 6358.0,
    "throughput" : 0.31456432840515886,
    "receivedKBytesPerSec" : 1.477592206668764,
    "sentKBytesPerSec" : 0.20428249842717838
  },
  "04_05_Select Product ID" : {
    "transaction" : "04_05_Select Product ID",
    "sampleCount" : 2,
    "errorCount" : 0,
    "errorPct" : 0.0,
    "meanResTime" : 2916.5,
    "medianResTime" : 2916.5,
    "minResTime" : 240.0,
    "maxResTime" : 5593.0,
    "pct1ResTime" : 5593.0,
    "pct2ResTime" : 5593.0,
    "pct3ResTime" : 5593.0,
    "throughput" : 0.3575898444484177,
    "receivedKBytesPerSec" : 1.3818193500804576,
    "sentKBytesPerSec" : 0.2311762470945825
  },
  "03_03_Sign in " : {
    "transaction" : "03_03_Sign in ",
    "sampleCount" : 16,
    "errorCount" : 0,
    "errorPct" : 0.0,
    "meanResTime" : 1358.1875,
    "medianResTime" : 399.0,
    "minResTime" : 0.0,
    "maxResTime" : 17820.0,
    "pct1ResTime" : 5696.000000000013,
    "pct2ResTime" : 17820.0,
    "pct3ResTime" : 17820.0,
    "throughput" : 0.18575707618362086,
    "receivedKBytesPerSec" : 0.6091752748624236,
    "sentKBytesPerSec" : 0.1899066788376251
  },
  "03_03_Sign In-0" : {
    "transaction" : "03_03_Sign In-0",
    "sampleCount" : 10,
    "errorCount" : 0,
    "errorPct" : 0.0,
    "meanResTime" : 231.0,
    "medianResTime" : 235.0,
    "minResTime" : 165.0,
    "maxResTime" : 302.0,
    "pct1ResTime" : 298.5,
    "pct2ResTime" : 302.0,
    "pct3ResTime" : 302.0,
    "throughput" : 0.15709191447916176,
    "receivedKBytesPerSec" : 0.03528431672871798,
    "sentKBytesPerSec" : 0.1495748209152175
  },
  "03_03_Sign In" : {
    "transaction" : "03_03_Sign In",
    "sampleCount" : 10,
    "errorCount" : 0,
    "errorPct" : 0.0,
    "meanResTime" : 434.59999999999997,
    "medianResTime" : 441.0,
    "minResTime" : 344.0,
    "maxResTime" : 500.0,
    "pct1ResTime" : 498.0,
    "pct2ResTime" : 500.0,
    "pct3ResTime" : 500.0,
    "throughput" : 0.15646024345213883,
    "receivedKBytesPerSec" : 0.8209578985042401,
    "sentKBytesPerSec" : 0.25592862088118407
  },
  "02-Search" : {
    "transaction" : "02-Search",
    "sampleCount" : 908,
    "errorCount" : 0,
    "errorPct" : 0.0,
    "meanResTime" : 231.79185022026405,
    "medianResTime" : 225.0,
    "minResTime" : 144.0,
    "maxResTime" : 1570.0,
    "pct1ResTime" : 275.0,
    "pct2ResTime" : 288.0,
    "pct3ResTime" : 375.90999999999997,
    "throughput" : 9.812397337252529,
    "receivedKBytesPerSec" : 34.790862221865005,
    "sentKBytesPerSec" : 8.846546462322772
  },
  "03_06_Add to Cart" : {
    "transaction" : "03_06_Add to Cart",
    "sampleCount" : 16,
    "errorCount" : 0,
    "errorPct" : 0.0,
    "meanResTime" : 211.125,
    "medianResTime" : 202.0,
    "minResTime" : 195.0,
    "maxResTime" : 278.0,
    "pct1ResTime" : 278.0,
    "pct2ResTime" : 278.0,
    "pct3ResTime" : 278.0,
    "throughput" : 0.6061983784193377,
    "receivedKBytesPerSec" : 2.8499167661210882,
    "sentKBytesPerSec" : 0.3935997527847238
  },
  "03_03_Sign In-1" : {
    "transaction" : "03_03_Sign In-1",
    "sampleCount" : 10,
    "errorCount" : 0,
    "errorPct" : 0.0,
    "meanResTime" : 202.8,
    "medianResTime" : 199.5,
    "minResTime" : 179.0,
    "maxResTime" : 256.0,
    "pct1ResTime" : 252.10000000000002,
    "pct2ResTime" : 256.0,
    "pct3ResTime" : 256.0,
    "throughput" : 0.15709931818895906,
    "receivedKBytesPerSec" : 0.7890251889119301,
    "sentKBytesPerSec" : 0.10739211204323372
  },
  "01_Open_URL" : {
    "transaction" : "01_Open_URL",
    "sampleCount" : 966,
    "errorCount" : 0,
    "errorPct" : 0.0,
    "meanResTime" : 854.7453416149079,
    "medianResTime" : 844.0,
    "minResTime" : 0.0,
    "maxResTime" : 3105.0,
    "pct1ResTime" : 976.3000000000001,
    "pct2ResTime" : 1029.3,
    "pct3ResTime" : 1976.9500000000007,
    "throughput" : 9.690719581071999,
    "receivedKBytesPerSec" : 46.37121550314497,
    "sentKBytesPerSec" : 5.296722250158001
  },
  "04_09_Confirm Details" : {
    "transaction" : "04_09_Confirm Details",
    "sampleCount" : 2,
    "errorCount" : 0,
    "errorPct" : 0.0,
    "meanResTime" : 6571.5,
    "medianResTime" : 6571.5,
    "minResTime" : 217.0,
    "maxResTime" : 12926.0,
    "pct1ResTime" : 12926.0,
    "pct2ResTime" : 12926.0,
    "pct3ResTime" : 12926.0,
    "throughput" : 0.1547269070091289,
    "receivedKBytesPerSec" : 0.8180580806127186,
    "sentKBytesPerSec" : 0.09383340747330961
  },
  "03_07_Sign Out" : {
    "transaction" : "03_07_Sign Out",
    "sampleCount" : 16,
    "errorCount" : 0,
    "errorPct" : 0.0,
    "meanResTime" : 392.75,
    "medianResTime" : 398.5,
    "minResTime" : 333.0,
    "maxResTime" : 467.0,
    "pct1ResTime" : 467.0,
    "pct2ResTime" : 467.0,
    "pct3ResTime" : 467.0,
    "throughput" : 0.35077719071317387,
    "receivedKBytesPerSec" : 1.808009777914191,
    "sentKBytesPerSec" : 0.4360735974393265
  },